Id,Label,timeset,modularity_class,indegree,outdegree,Degree,weighted indegree,weighted outdegree,Weighted Degree,harmonicclosnesscentrality,betweenesscentrality
nm0000217,Martin Scorsese,,0,0,89,89,0,112,112,1,0
nm0585000,Zeph Michaelis,,0,1,0,1,1,0,1,0,0
nm0823241,Mimi Stark,,0,1,0,1,1,0,1,0,0
nm0105998,Sarah Braveman,,0,1,0,1,1,0,1,0,0
nm0796332,Fred Sica,,0,1,0,1,1,0,1,0,0
nm0881953,Robert Uricola,,0,1,0,1,1,0,1,0,0
nm0748069,Ira Rubin,,0,1,0,1,1,0,1,0,0
nm0214463,Sam DeFazio,,0,1,0,1,1,0,1,0,0
nm5145979,Andrea Martin,,0,1,0,1,1,0,1,0,0
nm0778734,Catherine Scorsese,,0,1,0,1,1,0,1,0,0
nm0077201,Peter Bernuth,,0,1,0,1,1,0,1,0,0
nm0000172,Harvey Keitel,,0,2,0,2,5,0,5,0,0
nm0079203,Zina Bethune,,0,1,0,1,1,0,1,0,0
nm0171801,Anne Collette,,0,1,0,1,1,0,1,0,0
nm0475580,Lennard Kuras,,0,1,0,1,1,0,1,0,0
nm0001347,Barbara Hershey,,0,2,0,2,3,0,3,0,0
nm0001016,David Carradine,,3,2,0,2,4,0,4,0,0
nm0697587,Barry Primus,,0,1,0,1,2,0,2,0,0
nm0143378,Bernie Casey,,0,1,0,1,1,0,1,0,0
nm0000134,Robert De Niro,,0,2,0,2,10,0,10,0,0
nm0698998,David Proval,,0,1,0,1,1,0,1,0,0
nm0732364,Amy Robinson,,0,1,0,1,1,0,1,0,0
nm0000995,Ellen Burstyn,,0,1,0,1,1,0,1,0,0
nm0001434,Kris Kristofferson,,0,1,0,1,1,0,1,0,0
nm0070592,Mia Bendixsen,,0,1,0,1,1,0,1,0,0
nm0527501,Alfred Lutter III,,0,1,0,1,1,0,1,0,0
nm0000149,Jodie Foster,,11,2,0,2,2,0,2,0,0
nm0001732,Cybill Shepherd,,0,1,0,1,1,0,1,0,0
nm0000983,Albert Brooks,,4,2,0,2,2,0,2,0,0
nm0591485,Liza Minnelli,,0,1,0,1,1,0,1,0,0
nm0822034,Lionel Stander,,0,1,0,1,1,0,1,0,0
nm0001550,Cathy Moriarty,,0,1,0,1,1,0,1,0,0
nm0000582,Joe Pesci,,0,1,0,1,3,0,3,0,0
nm0898634,Frank Vincent,,0,1,0,1,1,0,1,0,0
nm0001471,Jerry Lewis,,0,1,0,1,1,0,1,0,0
nm0007958,Diahnne Abbott,,0,1,0,1,1,0,1,0,0
nm0000928,Sandra Bernhard,,0,1,0,1,1,0,1,0,0
nm0001162,Griffin Dunne,,6,2,0,2,2,0,2,0,0
nm0000275,Rosanna Arquette,,0,1,0,1,1,0,1,0,0
nm0089244,Verna Bloom,,0,1,0,1,1,0,1,0,0
nm0001045,Tommy Chong,,0,1,0,1,1,0,1,0,0
nm0000056,Paul Newman,,1,2,0,2,2,0,2,0,0
nm0000129,Tom Cruise,,4,2,0,2,3,0,3,0,0
nm0001512,Mary Elizabeth Mastrantonio,,9,2,0,2,2,0,2,0,0
nm0001726,Helen Shaver,,0,1,0,1,1,0,1,0,0
nm0000353,Willem Dafoe,,18,2,0,2,2,0,2,0,0
nm8109205,Paul Greco,,0,1,0,1,1,0,1,0,0
nm0000560,Nick Nolte,,0,1,0,1,1,0,1,0,0
nm0001448,Jessica Lange,,7,2,0,2,2,0,2,0,0
nm0000496,Juliette Lewis,,0,1,0,1,1,0,1,0,0
nm0000358,Daniel Day-Lewis,,0,2,0,2,3,0,3,0,0
nm0000201,Michelle Pfeiffer,,7,3,0,3,4,0,4,0,0
nm0000213,Winona Ryder,,7,3,0,3,3,0,3,0,0
nm0267586,Linda Faye Farkas,,0,1,0,1,1,0,1,0,0
nm0000232,Sharon Stone,,0,1,0,1,1,0,1,0,0
nm0000249,James Woods,,0,1,0,1,1,0,1,0,0
nm0000115,Nicolas Cage,,18,4,0,4,4,0,4,0,0
nm0000099,Patricia Arquette,,7,2,0,2,2,0,2,0,0
nm0000422,John Goodman,,1,4,0,4,7,0,7,0,0
nm0000609,Ving Rhames,,0,1,0,1,1,0,1,0,0
nm0000138,Leonardo DiCaprio,,0,6,0,6,13,0,13,0,0
nm0000139,Cameron Diaz,,0,1,0,1,1,0,1,0,0
nm0000980,Jim Broadbent,,0,1,0,1,1,0,1,0,0
nm0000949,Cate Blanchett,,6,4,0,4,4,0,4,0,0
nm0000295,Kate Beckinsale,,0,1,0,1,1,0,1,0,0
nm0000604,John C. Reilly,,0,1,0,1,1,0,1,0,0
nm0000354,Matt Damon,,13,3,0,3,4,0,4,0,0
nm0000197,Jack Nicholson,,7,4,0,4,4,0,4,0,0
nm0000242,Mark Wahlberg,,17,2,0,2,2,0,2,0,0
nm1940449,Andrew Garfield,,11,2,0,2,2,0,2,0,0
nm3485845,Adam Driver,,0,1,0,1,1,0,1,0,0
nm0000553,Liam Neeson,,2,3,0,3,3,0,3,0,0
nm0038355,Tadanobu Asano,,0,1,0,1,1,0,1,0,0
nm2633535,Asa Butterfield,,7,2,0,2,2,0,2,0,0
nm1631269,Chloë Grace Moretz,,0,1,0,1,1,0,1,0,0
nm0000489,Christopher Lee,,0,1,0,1,1,0,1,0,0
nm0001426,Ben Kingsley,,0,2,0,2,3,0,3,0,0
nm1706767,Jonah Hill,,0,1,0,1,1,0,1,0,0
nm3053338,Margot Robbie,,3,2,0,2,2,0,2,0,0
nm0000190,Matthew McConaughey,,10,3,0,3,3,0,3,0,0
nm0607865,Emily Mortimer,,6,2,0,2,2,0,2,0,0
nm0749263,Mark Ruffalo,,11,2,0,2,2,0,2,0,0
nm0048932,Simon Baker,,0,1,0,1,1,0,1,0,0
nm0641290,Kelli O'Hara,,0,1,0,1,1,0,1,0,0
nm0836121,Michael Stuhlbarg,,1,2,0,2,2,0,2,0,0
nm1706832,Christopher Denham,,0,1,0,1,1,0,1,0,0
nm0000199,Al Pacino,,8,3,0,3,4,0,4,0,0
nm0320091,Allen Ginsberg,,0,1,0,1,1,0,1,0,0
nm0005446,Patti Smith,,0,1,0,1,1,0,1,0,0
nm0902393,Martin von Haselberg,,0,1,0,1,1,0,1,0,0
nm0634240,Christopher Nolan,,2,0,35,35,0,44,44,1,0
nm0001602,Guy Pearce,,2,1,0,1,1,0,1,0,0
nm0005251,Carrie-Anne Moss,,2,1,0,1,1,0,1,0,0
nm0001592,Joe Pantoliano,,2,1,0,1,1,0,1,0,0
nm0095478,Mark Boone Junior,,2,1,0,1,1,0,1,0,0
nm0000245,Robin Williams,,2,2,0,2,2,0,2,0,0
nm0005476,Hilary Swank,,2,1,0,1,1,0,1,0,0
nm0233027,Martin Donovan,,2,1,0,1,1,0,1,0,0
nm0000288,Christian Bale,,2,2,0,2,5,0,5,0,0
nm0000323,Michael Caine,,2,2,0,2,4,0,4,0,0
nm0913822,Ken Watanabe,,2,2,0,2,3,0,3,0,0
nm0857458,Jeremy Theobald,,2,1,0,1,2,0,2,0,0
nm0005132,Heath Ledger,,2,1,0,1,1,0,1,0,0
nm0001173,Aaron Eckhart,,13,2,0,2,2,0,2,0,0
nm0413168,Hugh Jackman,,2,2,0,2,2,0,2,0,0
nm0424060,Scarlett Johansson,,6,2,0,2,4,0,4,0,0
nm0004266,Anne Hathaway,,2,3,0,3,4,0,4,0,0
nm1567113,Jessica Chastain,,2,1,0,1,1,0,1,0,0
nm3237775,Mackenzie Foy,,2,1,0,1,1,0,1,0,0
nm0362766,Tom Hardy,,2,1,0,1,2,0,2,0,0
nm0000198,Gary Oldman,,2,4,0,4,4,0,4,0,0
nm0330687,Joseph Gordon-Levitt,,16,3,0,3,3,0,3,0,0
nm0680983,Ellen Page,,2,1,0,1,1,0,1,0,0
nm7887725,Fionn Whitehead,,2,1,0,1,1,0,1,0,0
nm4422686,Barry Keoghan,,2,1,0,1,1,0,1,0,0
nm0753314,Mark Rylance,,4,2,0,2,4,0,4,0,0
nm7717066,Mark Deighton,,2,1,0,1,1,0,1,0,0
nm2735417,Dave Savva,,2,1,0,1,1,0,1,0,0
nm1500155,Robert Pattinson,,2,1,0,1,1,0,1,0,0
nm4456120,Elizabeth Debicki,,10,2,0,2,2,0,2,0,0
nm2797744,Himesh Patel,,2,2,0,2,2,0,2,0,0
nm1093951,Aaron Taylor-Johnson,,2,1,0,1,1,0,1,0,0
nm0000233,Quentin Tarantino,,3,0,36,36,0,52,52,1,0
nm0000619,Tim Roth,,3,2,0,2,2,0,2,0,0
nm0000514,Michael Madsen,,3,1,0,1,4,0,4,0,0
nm0001606,Chris Penn,,3,1,0,1,1,0,1,0,0
nm0000237,John Travolta,,3,1,0,1,1,0,1,0,0
nm0000235,Uma Thurman,,3,1,0,1,4,0,4,0,0
nm0000168,Samuel L. Jackson,,17,3,0,3,5,0,5,0,0
nm0000246,Bruce Willis,,17,3,0,3,6,0,6,0,0
nm0000435,Daryl Hannah,,3,1,0,1,2,0,2,0,0
nm0000093,Brad Pitt,,3,5,0,5,6,0,6,0,0
nm1208167,Diane Kruger,,3,1,0,1,1,0,1,0,0
nm0744834,Eli Roth,,3,1,0,1,1,0,1,0,0
nm0491259,Mélanie Laurent,,3,1,0,1,1,0,1,0,0
nm0000620,Mickey Rourke,,3,2,0,2,2,0,2,0,0
nm0654110,Clive Owen,,3,2,0,2,2,0,2,0,0
nm0004695,Jessica Alba,,3,1,0,1,1,0,1,0,0
nm0000621,Kurt Russell,,3,2,0,2,4,0,4,0,0
nm0000535,Rose McGowan,,3,1,0,1,1,0,1,0,0
nm0001803,Danny Trejo,,3,1,0,1,1,0,1,0,0
nm1057928,Zoë Bell,,3,1,0,1,2,0,2,0,0
nm0206257,Rosario Dawson,,3,2,0,2,2,0,2,0,0
nm1089685,Vanessa Ferlito,,3,1,0,1,1,0,1,0,0
nm0004937,Jamie Foxx,,3,1,0,1,1,0,1,0,0
nm0910607,Christoph Waltz,,3,3,0,3,3,0,3,0,0
nm0913488,Kerry Washington,,3,1,0,1,1,0,1,0,0
nm0000492,Jennifer Jason Leigh,,3,2,0,2,2,0,2,0,0
nm0324658,Walton Goggins,,3,1,0,1,1,0,1,0,0
nm0000407,Vivica A. Fox,,3,1,0,1,1,0,1,0,0
nm0237838,Julie Dreyfus,,3,1,0,1,1,0,1,0,0
nm0100889,Michael Bowen,,3,1,0,1,1,0,1,0,0
nm0002002,Shin'ichi Chiba,,3,1,0,1,1,0,1,0,0
nm0475752,Chiaki Kuriyama,,3,1,0,1,1,0,1,0,0
nm0386472,Emile Hirsch,,3,1,0,1,1,0,1,0,0
nm0000229,Steven Spielberg,,4,0,145,145,0,161,161,1,0
nm0818576,Anne Spielberg,,4,1,0,1,1,0,1,0,0
nm3318833,Sherry Nalder,,4,1,0,1,1,0,1,0,0
nm0733526,Robert Robyn,,4,1,0,1,1,0,1,0,0
nm0916497,Beth Weber,,4,1,0,1,1,0,1,0,0
nm0517918,Lucky Lohr,,4,1,0,1,1,0,1,0,0
nm3318075,Margaret Peyou,,4,1,0,1,1,0,1,0,0
nm3295888,Chuck Case,,4,1,0,1,1,0,1,0,0
nm1214452,Charles Emery,,4,1,0,1,1,0,1,0,0
nm0487084,Tina Lanser,,4,1,0,1,1,0,1,0,0
nm0551228,Warner Marshall,,4,1,0,1,1,0,1,0,0
nm0505703,Richard Levin,,4,1,0,1,1,0,1,0,0
nm0573510,Pamela McMyler,,4,1,0,1,1,0,1,0,0
nm0043482,Henry Axelrod,,4,1,0,1,1,0,1,0,0
nm0001076,Joan Crawford,,4,1,0,1,1,0,1,0,0
nm0001115,Ossie Davis,,4,1,0,1,2,0,2,0,0
nm0453006,Richard Kiley,,4,1,0,1,1,0,1,0,0
nm0001522,Roddy McDowall,,4,1,0,1,1,0,1,0,0
nm0000393,Peter Falk,,4,1,0,1,1,0,1,0,0
nm0144197,Jack Cassidy,,4,1,0,1,1,0,1,0,0
nm0287071,Rosemary Forsyth,,4,1,0,1,1,0,1,0,0
nm0590398,Martin Milner,,4,1,0,1,1,0,1,0,0
nm0915840,Dennis Weaver,,4,1,0,1,1,0,1,0,0
nm0779261,Jacqueline Scott,,4,1,0,1,1,0,1,0,0
nm0278646,Eddie Firestone,,4,1,0,1,1,0,1,0,0
nm0296135,Lou Frizzell,,4,1,0,1,1,0,1,0,0
nm0569000,Darren McGavin,,4,1,0,1,1,0,1,0,0
nm0006800,Sandy Dennis,,4,1,0,1,1,0,1,0,0
nm0000897,Ralph Bellamy,,4,1,0,1,1,0,1,0,0
nm0179786,Jeff Corey,,4,1,0,1,1,0,1,0,0
nm0001445,Martin Landau,,7,4,0,4,5,0,5,0,0
nm0000828,Barbara Bain,,4,1,0,1,1,0,1,0,0
nm0002095,Will Geer,,4,1,0,1,1,0,1,0,0
nm0724268,Paul Richards,,4,1,0,1,1,0,1,0,0
nm0000443,Goldie Hawn,,16,2,0,2,2,0,2,0,0
nm0424565,Ben Johnson,,4,1,0,1,1,0,1,0,0
nm0755310,Michael Sacks,,4,1,0,1,1,0,1,0,0
nm0040472,William Atherton,,4,1,0,1,1,0,1,0,0
nm0001702,Roy Scheider,,4,1,0,1,2,0,2,0,0
nm0001727,Robert Shaw,,4,1,0,1,2,0,2,0,0
nm0000377,Richard Dreyfuss,,4,2,0,2,4,0,4,0,0
nm0308882,Lorraine Gary,,4,1,0,1,1,0,1,0,0
nm0000076,François Truffaut,,4,1,0,1,1,0,1,0,0
nm0000414,Teri Garr,,8,2,0,2,2,0,2,0,0
nm0227039,Melinda Dillon,,4,1,0,1,1,0,1,0,0
nm0000004,John Belushi,,4,1,0,1,1,0,1,0,0
nm0000101,Dan Aykroyd,,4,1,0,1,2,0,2,0,0
nm0001852,Treat Williams,,4,1,0,1,1,0,1,0,0
nm0000262,Nancy Allen,,16,2,0,2,2,0,2,0,0
nm0000148,Harrison Ford,,4,3,0,3,6,0,6,0,0
nm0000261,Karen Allen,,4,1,0,1,2,0,2,0,0
nm0293550,Paul Freeman,,4,1,0,1,1,0,1,0,0
nm0722636,John Rhys-Davies,,4,1,0,1,1,0,1,0,0
nm0001794,Henry Thomas,,4,1,0,1,1,0,1,0,0
nm0000106,Drew Barrymore,,4,1,0,1,1,0,1,0,0
nm0001075,Peter Coyote,,4,1,0,1,1,0,1,0,0
nm0908914,Dee Wallace,,4,1,0,1,1,0,1,0,0
nm0607558,Vic Morrow,,4,1,0,1,1,0,1,0,0
nm0569789,Doug McGrath,,4,1,0,1,1,0,1,0,0
nm0001009,Kate Capshaw,,4,1,0,1,1,0,1,0,0
nm0702841,Ke Huy Quan,,4,1,0,1,1,0,1,0,0
nm0700869,Amrish Puri,,4,1,0,1,1,0,1,0,0
nm0000418,Danny Glover,,4,1,0,1,1,0,1,0,0
nm0000155,Whoopi Goldberg,,4,1,0,1,1,0,1,0,0
nm0001856,Oprah Winfrey,,4,1,0,1,1,0,1,0,0
nm0001923,Margaret Avery,,4,1,0,1,1,0,1,0,0
nm0000518,John Malkovich,,1,2,0,2,2,0,2,0,0
nm0001669,Miranda Richardson,,7,2,0,2,2,0,2,0,0
nm0369814,Nigel Havers,,4,1,0,1,1,0,1,0,0
nm0000456,Holly Hunter,,1,2,0,2,2,0,2,0,0
nm0424635,Brad Johnson,,4,1,0,1,1,0,1,0,0
nm0000163,Dustin Hoffman,,4,1,0,1,1,0,1,0,0
nm0000210,Julia Roberts,,4,1,0,1,1,0,1,0,0
nm0001364,Bob Hoskins,,16,2,0,2,2,0,2,0,0
nm0000554,Sam Neill,,4,1,0,1,1,0,1,0,0
nm0000368,Laura Dern,,18,2,0,2,5,0,5,0,0
nm0000156,Jeff Goldblum,,4,1,0,1,1,0,1,0,0
nm0000277,Richard Attenborough,,4,1,0,1,1,0,1,0,0
nm0000146,Ralph Fiennes,,1,2,0,2,2,0,2,0,0
nm0328751,Caroline Goodall,,4,1,0,1,1,0,1,0,0
nm0268199,Colin Farrell,,7,3,0,3,3,0,3,0,0
nm0608090,Samantha Morton,,4,1,0,1,1,0,1,0,0
nm0001884,Max von Sydow,,4,1,0,1,1,0,1,0,0
nm0005286,Haley Joel Osment,,17,2,0,2,2,0,2,0,0
nm0000179,Jude Law,,10,3,0,3,5,0,5,0,0
nm0640323,Frances O'Connor,,4,1,0,1,1,0,1,0,0
nm0730168,Sam Robards,,4,1,0,1,1,0,1,0,0
nm0001579,Edward James Olmos,,4,1,0,1,1,0,1,0,0
nm0001051,Bill Clinton,,4,1,0,1,1,0,1,0,0
nm0002039,Ruby Dee,,4,1,0,1,1,0,1,0,0
nm0000158,Tom Hanks,,4,4,0,4,9,0,9,0,0
nm0000686,Christopher Walken,,7,2,0,2,2,0,2,0,0
nm0000640,Martin Sheen,,8,2,0,2,2,0,2,0,0
nm0001876,Catherine Zeta-Jones,,4,1,0,1,1,0,1,0,0
nm0564277,Chi McBride,,4,1,0,1,1,0,1,0,0
nm0001804,Stanley Tucci,,16,2,0,2,2,0,2,0,0
nm0479471,Shia LaBeouf,,4,1,0,1,1,0,1,0,0
nm0266824,Dakota Fanning,,4,1,0,1,1,0,1,0,0
nm0000209,Tim Robbins,,15,4,0,4,4,0,4,0,0
nm0001584,Miranda Otto,,16,2,0,2,2,0,2,0,0
nm0051509,Eric Bana,,4,1,0,1,1,0,1,0,0
nm0185819,Daniel Craig,,4,2,0,2,3,0,3,0,0
nm0189887,Marie-Josée Croze,,4,1,0,1,1,0,1,0,0
nm0001354,Ciarán Hinds,,4,1,0,1,1,0,1,0,0
nm0000398,Sally Field,,16,2,0,2,2,0,2,0,0
nm0000657,David Strathairn,,4,1,0,1,1,0,1,0,0
nm0068260,Jamie Bell,,4,1,0,1,1,0,1,0,0
nm0785227,Andy Serkis,,4,1,0,1,1,0,1,0,0
nm0670408,Simon Pegg,,4,1,0,1,1,0,1,0,0
nm1114723,Toby Meuli,,4,1,0,1,1,0,1,0,0
nm3528539,Jeremy Irvine,,4,1,0,1,1,0,1,0,0
nm0001833,Emily Watson,,4,1,0,1,1,0,1,0,0
nm0000667,David Thewlis,,4,1,0,1,1,0,1,0,0
nm1212722,Benedict Cumberbatch,,4,2,0,2,2,0,2,0,0
nm4446467,Tye Sheridan,,4,1,0,1,1,0,1,0,0
nm4972453,Olivia Cooke,,4,1,0,1,1,0,1,0,0
nm0578853,Ben Mendelsohn,,4,1,0,1,1,0,1,0,0
nm2913119,Lena Waithe,,4,1,0,1,1,0,1,0,0
nm5052065,Ansel Elgort,,4,1,0,1,1,0,1,0,0
nm0001549,Rita Moreno,,4,1,0,1,1,0,1,0,0
nm7867621,Talia Ryder,,4,1,0,1,1,0,1,0,0
nm1015684,Corey Stoll,,4,1,0,1,1,0,1,0,0
nm8271378,Isaac Eshete,,4,1,0,1,1,0,1,0,0
nm0000257,Alan Alda,,4,1,0,1,1,0,1,0,0
nm0752407,Amy Ryan,,13,2,0,2,2,0,2,0,0
nm6982717,Ruby Barnhill,,4,1,0,1,1,0,1,0,0
nm0934362,Penelope Wilton,,4,1,0,1,1,0,1,0,0
nm1318596,Jemaine Clement,,9,2,0,2,4,0,4,0,0
nm0000658,Meryl Streep,,16,2,0,2,2,0,2,0,0
nm0005299,Sarah Paulson,,4,1,0,1,1,0,1,0,0
nm0644022,Bob Odenkirk,,4,1,0,1,1,0,1,0,0
nm1752699,Tom Harrison,,16,2,0,2,2,0,2,0,0
nm0000502,Christopher Lloyd,,16,2,0,2,6,0,6,0,0
nm0000662,Kiefer Sutherland,,16,3,0,3,3,0,3,0,0
nm0000095,Woody Allen,,6,0,89,89,0,100,100,1,0
nm0000473,Diane Keaton,,8,2,0,2,3,0,3,0,0
nm0656183,Geraldine Page,,8,2,0,2,2,0,2,0,0
nm0341562,Kristin Griffith,,6,1,0,1,1,0,1,0,0
nm0002148,Mary Beth Hurt,,6,1,0,1,1,0,1,0,0
nm0001201,Mia Farrow,,6,1,0,1,5,0,5,0,0
nm0001099,Jeff Daniels,,6,2,0,2,2,0,2,0,0
nm0000732,Danny Aiello,,6,1,0,1,1,0,1,0,0
nm0582778,Irving Metzman,,6,1,0,1,1,0,1,0,0
nm0001848,Dianne Wiest,,6,1,0,1,4,0,4,0,0
nm0823563,Mike Starr,,6,1,0,1,1,0,1,0,0
nm0379200,Paul Herman,,6,1,0,1,1,0,1,0,0
nm0834626,Elaine Stritch,,6,1,0,1,1,0,1,0,0
nm0001186,Denholm Elliott,,6,1,0,1,1,0,1,0,0
nm0001687,Gena Rowlands,,6,1,0,1,1,0,1,0,0
nm0000453,Ian Holm,,6,1,0,1,1,0,1,0,0
nm0001100,Blythe Danner,,6,1,0,1,1,0,1,0,0
nm0000131,John Cusack,,6,1,0,1,1,0,1,0,0
nm0000236,Jennifer Tilly,,6,1,0,1,1,0,1,0,0
nm0001590,Chazz Palminteri,,6,1,0,1,1,0,1,0,0
nm0234014,Howie Dorough,,6,1,0,1,1,0,1,0,0
nm0514810,Brian Littrell,,6,1,0,1,1,0,1,0,0
nm0572481,A.J. McLean,,6,1,0,1,1,0,1,0,0
nm0731634,Tony Roberts,,6,1,0,1,1,0,1,0,0
nm0108613,Marshall Brickman,,6,1,0,1,1,0,1,0,0
nm0256237,Michael Emerson,,6,1,0,1,1,0,1,0,0
nm0329091,Hazelle Goodman,,6,1,0,1,1,0,1,0,0
nm0384771,William Hill,,6,1,0,1,1,0,1,0,0
nm0610250,Rick Mowat,,6,1,0,1,1,0,1,0,0
nm0001564,Bebe Neuwirth,,6,1,0,1,1,0,1,0,0
nm0671721,Austin Pendleton,,6,1,0,1,1,0,1,0,0
nm0002071,Will Ferrell,,6,1,0,1,1,0,1,0,0
nm0005416,Vinessa Shaw,,6,1,0,1,1,0,1,0,0
nm0252230,Chiwetel Ejiofor,,6,1,0,1,1,0,1,0,0
nm0001728,Wallace Shawn,,6,1,0,1,2,0,2,0,0
nm0001667,Jonathan Rhys Meyers,,6,1,0,1,1,0,1,0,0
nm0328828,Matthew Goode,,6,1,0,1,1,0,1,0,0
nm0242319,Jim Dunk,,6,1,0,1,1,0,1,0,0
nm0061106,Robert Bathurst,,6,1,0,1,1,0,1,0,0
nm0356017,Rebecca Hall,,6,1,0,1,1,0,1,0,0
nm0000849,Javier Bardem,,6,2,0,2,2,0,2,0,0
nm0919525,Christopher Evan Welch,,6,1,0,1,1,0,1,0,0
nm0000191,Ewan McGregor,,14,3,0,3,4,0,4,0,0
nm2017943,Hayley Atwell,,6,1,0,1,1,0,1,0,0
nm0198501,Peter-Hugo Daly,,6,1,0,1,1,0,1,0,0
nm0939697,Evan Rachel Wood,,6,1,0,1,1,0,1,0,0
nm0202970,Larry David,,6,1,0,1,1,0,1,0,0
nm0147147,Henry Cavill,,10,2,0,2,2,0,2,0,0
nm0111845,Adam Brooks,,6,1,0,1,1,0,1,0,0
nm0000164,Anthony Hopkins,,18,3,0,3,3,0,3,0,0
nm0915208,Naomi Watts,,18,3,0,3,5,0,5,0,0
nm0000982,Josh Brolin,,1,2,0,2,4,0,4,0,0
nm0428121,Gemma Jones,,6,1,0,1,1,0,1,0,0
nm0005562,Owen Wilson,,6,1,0,1,1,0,1,0,0
nm1046097,Rachel McAdams,,10,2,0,2,3,0,3,0,0
nm0000870,Kathy Bates,,6,1,0,1,1,0,1,0,0
nm0298281,Kurt Fuller,,6,1,0,1,1,0,1,0,0
nm0000285,Alec Baldwin,,6,2,0,2,2,0,2,0,0
nm0765597,Peter Sarsgaard,,6,1,0,1,1,0,1,0,0
nm1020089,Sally Hawkins,,6,1,0,1,1,0,1,0,0
nm0000147,Colin Firth,,16,2,0,2,2,0,2,0,0
nm1297015,Emma Stone,,6,1,0,1,2,0,2,0,0
nm0001315,Marcia Gay Harden,,15,2,0,2,2,0,2,0,0
nm0512934,Hamish Linklater,,6,1,0,1,1,0,1,0,0
nm0001618,Joaquin Phoenix,,17,2,0,2,3,0,3,0,0
nm0000205,Parker Posey,,6,1,0,1,1,0,1,0,0
nm1369571,Joe Stapleton,,6,1,0,1,1,0,1,0,0
nm0251986,Jesse Eisenberg,,6,2,0,2,2,0,2,0,0
nm0829576,Kristen Stewart,,6,2,0,2,2,0,2,0,0
nm0136797,Steve Carell,,16,2,0,2,2,0,2,0,0
nm0515116,Blake Lively,,6,1,0,1,1,0,1,0,0
nm0005493,Justin Timberlake,,11,2,0,2,2,0,2,0,0
nm1017334,Juno Temple,,6,1,0,1,1,0,1,0,0
nm1478447,Robert C. Kirk,,6,1,0,1,1,0,1,0,0
nm0000701,Kate Winslet,,9,3,0,3,3,0,3,0,0
nm3154303,Timothée Chalamet,,6,1,0,1,1,0,1,0,0
nm1102577,Elle Fanning,,6,2,0,2,2,0,2,0,0
nm0000630,Liev Schreiber,,6,1,0,1,1,0,1,0,0
nm1378410,Suzanne Smith,,6,1,0,1,1,0,1,0,0
nm0000153,Gina Gershon,,6,1,0,1,1,0,1,0,0
nm0025745,Elena Anaya,,6,1,0,1,1,0,1,0,0
nm0000318,Tim Burton,,7,0,60,60,0,77,77,1,0
nm0001637,Vincent Price,,7,1,0,1,1,0,1,0,0
nm0001167,Shelley Duvall,,7,2,0,2,2,0,2,0,0
nm0827663,Daniel Stern,,7,1,0,1,1,0,1,0,0
nm0646768,Barret Oliver,,7,1,0,1,1,0,1,0,0
nm0536850,Joseph Maher,,7,1,0,1,1,0,1,0,0
nm0000607,Paul Reubens,,7,1,0,1,1,0,1,0,0
nm0197354,Elizabeth Daily,,7,1,0,1,1,0,1,0,0
nm0392625,Mark Holton,,7,1,0,1,1,0,1,0,0
nm0758405,Diane Salinger,,7,1,0,1,1,0,1,0,0
nm0000133,Geena Davis,,7,1,0,1,1,0,1,0,0
nm0000474,Michael Keaton,,7,1,0,1,4,0,4,0,0
nm0568499,Annie McEnroe,,7,1,0,1,1,0,1,0,0
nm0000107,Kim Basinger,,7,1,0,1,1,0,1,0,0
nm0943237,Robert Wuhl,,7,1,0,1,1,0,1,0,0
nm0000362,Danny DeVito,,7,2,0,2,3,0,3,0,0
nm0000136,Johnny Depp,,7,1,0,1,6,0,6,0,0
nm0000572,Sarah Jessica Parker,,7,1,0,1,1,0,1,0,0
nm0000207,Christina Ricci,,7,1,0,1,1,0,1,0,0
nm0002091,Michael Gambon,,7,1,0,1,1,0,1,0,0
nm0945194,Michael Yama,,7,1,0,1,1,0,1,0,0
nm6151384,Andy Lee,,7,1,0,1,1,0,1,0,0
nm0393199,Alison Hong,,7,1,0,1,1,0,1,0,0
nm0410918,Jim Ishida,,7,1,0,1,1,0,1,0,0
nm0001215,Albert Finney,,7,1,0,1,1,0,1,0,0
nm0001082,Billy Crudup,,7,1,0,1,1,0,1,0,0
nm0383603,Freddie Highmore,,7,1,0,1,1,0,1,0,0
nm0446303,David Kelly,,7,1,0,1,1,0,1,0,0
nm0000307,Helena Bonham Carter,,7,1,0,1,4,0,4,0,0
nm0000614,Alan Rickman,,7,1,0,1,1,0,1,0,0
nm0001758,Timothy Spall,,7,2,0,2,2,0,2,0,0
nm1985859,Mia Wasikowska,,7,1,0,1,1,0,1,0,0
nm1200692,Eva Green,,7,1,0,1,3,0,3,0,0
nm0010736,Amy Adams,,7,1,0,1,1,0,1,0,0
nm0396812,Danny Huston,,7,1,0,1,1,0,1,0,0
nm1269983,Krysten Ritter,,7,1,0,1,1,0,1,0,0
nm0001573,Catherine O'Hara,,7,1,0,1,1,0,1,0,0
nm0001737,Martin Short,,7,1,0,1,1,0,1,0,0
nm0001132,Judi Dench,,7,1,0,1,1,0,1,0,0
nm1736962,The Killers,,7,1,0,1,2,0,2,0,0
nm2998248,Aiko Horiuchi,,7,1,0,1,1,0,1,0,0
nm5048853,Sabrina Lecordier,,7,1,0,1,1,0,1,0,0
nm5030861,Glen Mexted,,7,1,0,1,1,0,1,0,0
nm1226817,Devon Aoki,,7,1,0,1,1,0,1,0,0
nm1555161,Michael Steger,,7,1,0,1,1,0,1,0,0
nm2063353,Brandon Flowers,,7,1,0,1,1,0,1,0,0
nm0000338,Francis Ford Coppola,,8,1,84,85,1,97,98,1,83
nm0673406,Ivan Pereverzev,,8,1,0,1,1,0,1,0,0
nm0796085,Aleksandr Shvorin,,8,1,0,1,1,0,1,0,0
nm0057208,Linda Barrett,,8,1,0,1,1,0,1,0,0
nm0058402,Konstantin Bartashevich,,8,1,0,1,1,0,1,0,0
nm0929418,June Wilkinson,,8,1,0,1,1,0,1,0,0
nm0448467,Don Kenney,,8,1,0,1,1,0,1,0,0
nm0233312,Karin Dor,,8,1,0,1,1,0,1,0,0
nm0295992,Willy Fritsch,,8,1,0,1,1,0,1,0,0
nm0132930,William Campbell,,8,1,0,1,1,0,1,0,0
nm0026035,Luana Anders,,8,1,0,1,1,0,1,0,0
nm0666069,Bart Patton,,8,1,0,1,1,0,1,0,0
nm0593079,Mary Mitchel,,8,1,0,1,1,0,1,0,0
nm0000472,Boris Karloff,,8,1,0,1,1,0,1,0,0
nm0461070,Sandra Knight,,8,1,0,1,1,0,1,0,0
nm0588241,Dick Miller,,8,1,0,1,1,0,1,0,0
nm0366946,Elizabeth Hartman,,8,1,0,1,1,0,1,0,0
nm0001800,Rip Torn,,8,1,0,1,1,0,1,0,0
nm0441004,Peter Kastner,,8,1,0,1,1,0,1,0,0
nm0000001,Fred Astaire,,8,1,0,1,1,0,1,0,0
nm0164379,Petula Clark,,8,1,0,1,1,0,1,0,0
nm0824687,Tommy Steele,,8,1,0,1,1,0,1,0,0
nm0290475,Don Francks,,8,1,0,1,1,0,1,0,0
nm0001001,James Caan,,8,1,0,1,3,0,3,0,0
nm0004309,Shirley Knight,,8,1,0,1,1,0,1,0,0
nm0000380,Robert Duvall,,8,2,0,2,4,0,4,0,0
nm0956884,Marya Zimmet,,8,1,0,1,1,0,1,0,0
nm0000008,Marlon Brando,,8,1,0,1,2,0,2,0,0
nm0000432,Gene Hackman,,8,1,0,1,1,0,1,0,0
nm0001030,John Cazale,,8,1,0,1,1,0,1,0,0
nm0307255,Allen Garfield,,8,1,0,1,1,0,1,0,0
nm0002078,Frederic Forrest,,8,1,0,1,4,0,4,0,0
nm0000471,Raul Julia,,8,1,0,1,1,0,1,0,0
nm0000176,Nastassja Kinski,,18,2,0,2,2,0,2,0,0
nm0001367,C. Thomas Howell,,8,1,0,1,1,0,1,0,0
nm0000369,Matt Dillon,,8,2,0,2,3,0,3,0,0
nm0001494,Ralph Macchio,,8,1,0,1,1,0,1,0,0
nm0000664,Patrick Swayze,,8,1,0,1,1,0,1,0,0
nm0000178,Diane Lane,,8,1,0,1,2,0,2,0,0
nm0000454,Dennis Hopper,,18,2,0,2,2,0,2,0,0
nm0000152,Richard Gere,,8,1,0,1,1,0,1,0,0
nm0002138,Gregory Hines,,8,1,0,1,1,0,1,0,0
nm0571188,Lonette McKee,,8,1,0,1,1,0,1,0,0
nm0001391,Michael Jackson,,8,1,0,1,1,0,1,0,0
nm0001378,Anjelica Huston,,8,1,0,1,2,0,2,0,0
nm0790071,Dick Shawn,,8,1,0,1,1,0,1,0,0
nm0185272,Tony Cox,,8,1,0,1,1,0,1,0,0
nm0000678,Kathleen Turner,,16,2,0,2,2,0,2,0,0
nm0587944,Barry Miller,,8,1,0,1,1,0,1,0,0
nm0382819,Catherine Hicks,,8,1,0,1,1,0,1,0,0
nm0000469,James Earl Jones,,8,1,0,1,1,0,1,0,0
nm0000665,D.B. Sweeney,,8,1,0,1,1,0,1,0,0
nm0000313,Jeff Bridges,,8,2,0,2,2,0,2,0,0
nm0000260,Joan Allen,,8,1,0,1,1,0,1,0,0
nm0000206,Keanu Reeves,,8,1,0,1,1,0,1,0,0
nm0487884,Alexandra Maria Lara,,8,1,0,1,1,0,1,0,0
nm0004486,Bruno Ganz,,8,1,0,1,1,0,1,0,0
nm0377333,André Hennicke,,8,1,0,1,1,0,1,0,0
nm0001252,Vincent Gallo,,8,1,0,1,1,0,1,0,0
nm2403277,Alden Ehrenreich,,8,2,0,2,2,0,2,0,0
nm0893941,Maribel Verdú,,8,1,0,1,1,0,1,0,0
nm0702379,Silvia Pérez,,8,1,0,1,1,0,1,0,0
nm0000174,Val Kilmer,,8,1,0,1,1,0,1,0,0
nm0001136,Bruce Dern,,8,1,0,1,1,0,1,0,0
nm0001035,Ben Chaplin,,8,1,0,1,1,0,1,0,0
nm3629081,Alexander Niles,,8,1,0,1,1,0,1,0,0
nm1001863,Jeffrey Schmidt,,8,1,0,1,1,0,1,0,0
nm0901734,Lou Volpe,,8,1,0,1,1,0,1,0,0
nm5867783,Ethan Louis Samuels DiSalvio,,8,1,0,1,1,0,1,0,0
nm0000116,James Cameron,,9,0,40,40,0,58,58,1,0
nm0642078,Tricia O'Neil,,9,1,0,1,1,0,1,0,0
nm0544750,Steve Marachuk,,9,1,0,1,1,0,1,0,0
nm0000448,Lance Henriksen,,9,1,0,1,1,0,1,0,0
nm0004967,Ricky Paull Goldin,,9,1,0,1,1,0,1,0,0
nm0000216,Arnold Schwarzenegger,,9,1,0,1,3,0,3,0,0
nm0000157,Linda Hamilton,,9,1,0,1,2,0,2,0,0
nm0000299,Michael Biehn,,9,1,0,1,3,0,3,0,0
nm0934902,Paul Winfield,,9,1,0,1,1,0,1,0,0
nm0000244,Sigourney Weaver,,9,3,0,3,7,0,7,0,0
nm0001343,Carrie Henn,,9,1,0,1,1,0,1,0,0
nm0001663,Paul Reiser,,9,1,0,1,1,0,1,0,0
nm0000438,Ed Harris,,9,1,0,1,1,0,1,0,0
nm0122238,Leo Burmester,,9,1,0,1,1,0,1,0,0
nm0000411,Edward Furlong,,9,1,0,1,1,0,1,0,0
nm0001598,Robert Patrick,,9,1,0,1,1,0,1,0,0
nm0000130,Jamie Lee Curtis,,9,1,0,1,1,0,1,0,0
nm0000792,Tom Arnold,,9,1,0,1,1,0,1,0,0
nm0000200,Bill Paxton,,9,1,0,1,1,0,1,0,0
nm0936537,William Wisher,,9,1,0,1,1,0,1,0,0
nm0881051,Margaret Umbel,,9,1,0,1,1,0,1,0,0
nm0941777,Sam Worthington,,9,1,0,1,4,0,4,0,0
nm0757855,Zoe Saldana,,9,1,0,1,5,0,5,0,0
nm0735442,Michelle Rodriguez,,9,1,0,1,1,0,1,0,0
nm0008656,Lewis Abernathy,,9,1,0,1,1,0,1,0,0
nm0000941,Kathryn Bigelow,,9,1,0,1,1,0,1,0,0
nm0105505,Bobbie Brat,,9,1,0,1,1,0,1,0,0
nm0131679,Mike Cameron,,9,1,0,1,1,0,1,0,0
nm0004874,Vin Diesel,,9,1,0,1,1,0,1,0,0
nm5668548,Chloe Coleman,,9,1,0,1,1,0,1,0,0
nm0193295,Cliff Curtis,,9,2,0,2,2,0,2,0,0
nm0000706,Michelle Yeoh,,9,1,0,1,1,0,1,0,0
nm0002332,Stephen Lang,,9,1,0,1,1,0,1,0,0
nm0000610,Giovanni Ribisi,,9,1,0,1,1,0,1,0,0
nm8695488,Cumie Dunio,,9,1,0,1,1,0,1,0,0
nm0642288,Raymond O'Neill,,9,1,0,1,1,0,1,0,0
nm8695489,Gabriel Christo,,9,1,0,1,1,0,1,0,0
nm2700852,Jeremiah Hughes,,9,1,0,1,1,0,1,0,0
nm0005363,Guy Ritchie,,10,0,48,48,0,56,56,1,0
nm0005458,Jason Statham,,10,1,0,1,3,0,3,0,0
nm0001125,Benicio Del Toro,,10,1,0,1,1,0,1,0,0
nm0001199,Dennis Farina,,10,1,0,1,1,0,1,0,0
nm0102185,Alan Boyle,,10,1,0,1,1,0,1,0,0
nm10187376,Darren Spencer,,10,1,0,1,1,0,1,0,0
nm3107174,James Tarbuck,,10,1,0,1,1,0,1,0,0
nm10187377,Eli Nathanson,,10,1,0,1,1,0,1,0,0
nm0711850,Suzy Ratner,,10,1,0,1,1,0,1,0,0
nm10187378,Siobhan Murphy,,10,1,0,1,1,0,1,0,0
nm10187379,Julius Godson,,10,1,0,1,1,0,1,0,0
nm0064170,Michael Beattie,,10,1,0,1,1,0,1,0,0
nm0848963,Toru Tanaka Jr.,,10,1,0,1,1,0,1,0,0
nm2640881,DTeflon,,10,1,0,1,1,0,1,0,0
nm0000187,Madonna,,11,2,0,2,5,0,5,0,0
nm0316271,Adriano Giannini,,10,1,0,1,1,0,1,0,0
nm0339304,Bruce Greenwood,,10,1,0,1,1,0,1,0,0
nm0006969,Elizabeth Banks,,10,1,0,1,1,0,1,0,0
nm0000501,Ray Liotta,,10,1,0,1,1,0,1,0,0
nm0071275,André Benjamin,,10,1,0,1,1,0,1,0,0
nm0665114,Vincent Pastore,,10,1,0,1,1,0,1,0,0
nm0000375,Robert Downey Jr.,,10,2,0,2,3,0,3,0,0
nm0835016,Mark Strong,,10,1,0,1,1,0,1,0,0
nm0124930,Gerard Butler,,10,1,0,1,1,0,1,0,0
nm0929489,Tom Wilkinson,,10,1,0,1,1,0,1,0,0
nm0252961,Idris Elba,,10,1,0,1,1,0,1,0,0
nm0628601,Thandie Newton,,10,1,0,1,1,0,1,0,0
nm0001326,Josh Hartnett,,10,1,0,1,1,0,1,0,0
nm2207222,Scott Eastwood,,10,1,0,1,1,0,1,0,0
nm0564697,Holt McCallany,,10,1,0,1,1,0,1,0,0
nm0364813,Jared Harris,,10,2,0,2,2,0,2,0,0
nm2309517,Armie Hammer,,13,2,0,2,2,0,2,0,0
nm2539953,Alicia Vikander,,10,1,0,1,1,0,1,0,0
nm0402271,Charlie Hunnam,,10,1,0,1,2,0,2,0,0
nm2793591,Astrid Bergès-Frisbey,,10,1,0,1,1,0,1,0,0
nm0005023,Djimon Hounsou,,10,1,0,1,1,0,1,0,0
nm0000226,Will Smith,,17,2,0,2,2,0,2,0,0
nm4565815,Mena Massoud,,10,1,0,1,1,0,1,0,0
nm4305463,Naomi Scott,,10,1,0,1,1,0,1,0,0
nm3092471,Marwan Kenzari,,10,1,0,1,1,0,1,0,0
nm1890784,Michelle Dockery,,10,1,0,1,1,0,1,0,0
nm0834989,Jeremy Strong,,10,1,0,1,1,0,1,0,0
nm0000399,David Fincher,,11,0,46,46,0,51,51,1,0
nm0001165,Charles S. Dutton,,11,1,0,1,1,0,1,0,0
nm0001097,Charles Dance,,11,1,0,1,1,0,1,0,0
nm0001524,Paul McGann,,11,1,0,1,1,0,1,0,0
nm0104879,Brandi Brandt,,11,1,0,1,1,0,1,0,0
nm0032962,Tomas Arana,,11,1,0,1,1,0,1,0,0
nm0132808,Rob Campbell,,11,1,0,1,1,0,1,0,0
nm0001845,Forest Whitaker,,13,2,0,2,2,0,2,0,0
nm0948267,Dwight Yoakam,,11,1,0,1,1,0,1,0,0
nm0000346,Macaulay Culkin,,11,1,0,1,1,0,1,0,0
nm0842770,Tilda Swinton,,11,1,0,1,1,0,1,0,0
nm0000566,Julia Ormond,,11,1,0,1,1,0,1,0,0
nm0350453,Jake Gyllenhaal,,11,1,0,1,1,0,1,0,0
nm0000381,Anthony Edwards,,11,1,0,1,1,0,1,0,0
nm1086543,Amanda Seyfried,,11,1,0,1,1,0,1,0,0
nm2934314,Lily Collins,,11,1,0,1,1,0,1,0,0
nm3095562,Tuppence Middleton,,11,1,0,1,1,0,1,0,0
nm1913734,Rooney Mara,,11,1,0,1,3,0,3,0,0
nm0001626,Christopher Plummer,,11,1,0,1,1,0,1,0,0
nm0001745,Stellan Skarsgård,,11,1,0,1,1,0,1,0,0
nm2097779,Cameron Alborzian,,11,1,0,1,1,0,1,0,0
nm0330647,Todd Gordon,,11,1,0,1,1,0,1,0,0
nm0899114,Gustav Vintas,,11,1,0,1,1,0,1,0,0
nm0000255,Ben Affleck,,11,1,0,1,1,0,1,0,0
nm0683253,Rosamund Pike,,11,1,0,1,1,0,1,0,0
nm0000439,Neil Patrick Harris,,11,1,0,1,1,0,1,0,0
nm1347153,Tyler Perry,,11,1,0,1,1,0,1,0,0
nm0131104,Luis Camacho,,11,1,0,1,1,0,1,0,0
nm0190065,Oliver Crumes Jr.,,11,1,0,1,1,0,1,0,0
nm0217752,Donna DeLory,,11,1,0,1,1,0,1,0,0
nm0000716,Paula Abdul,,11,1,0,1,2,0,2,0,0
nm0154923,Sean Cheesman,,11,1,0,1,1,0,1,0,0
nm0001231,Claire Forlani,,11,1,0,1,1,0,1,0,0
nm0000184,George Lucas,,5,0,25,25,0,29,29,0.615741,0
nm0459170,Randal Kleiser,,5,1,0,1,1,0,1,0,0
nm0507036,Christopher Lewis,,5,1,0,1,1,0,1,0,0
nm0622170,Dan Nachtsheim,,5,1,0,1,1,0,1,0,0
nm0138441,Joy Carmichael,,5,1,0,1,1,0,1,0,0
nm0613251,David Munson,,5,1,0,1,1,0,1,0,0
nm0071919,Marvin Bennett,,5,1,0,1,1,0,1,0,0
nm0824451,Ralph Stell,,5,1,0,1,1,0,1,0,0
nm0000587,Donald Pleasence,,5,1,0,1,1,0,1,0,0
nm0171824,Don Pedro Colley,,5,1,0,1,1,0,1,0,0
nm0574114,Maggie McOmie,,5,1,0,1,1,0,1,0,0
nm0000165,Ron Howard,,5,1,0,1,1,0,1,0,0
nm0494432,Paul Le Mat,,5,1,0,1,1,0,1,0,0
nm0001747,Charles Martin Smith,,5,1,0,1,1,0,1,0,0
nm0000434,Mark Hamill,,5,1,0,1,2,0,2,0,0
nm0000402,Carrie Fisher,,5,1,0,1,2,0,2,0,0
nm0000027,Alec Guinness,,5,1,0,1,2,0,2,0,0
nm0562679,Peter Mayhew,,5,1,0,1,1,0,1,0,0
nm0003815,Ronn Brown,,5,1,0,1,1,0,1,0,0
nm0000355,Anthony Daniels,,5,1,0,1,1,0,1,0,0
nm0292235,Shelagh Fraser,,5,1,0,1,1,0,1,0,0
nm0353796,Garrick Hagon,,5,1,0,1,1,0,1,0,0
nm0000040,Stanley Kubrick,,12,0,44,44,0,48,48,1,0
nm0798826,Frank Silvera,,12,1,0,1,2,0,2,0,0
nm0363780,Kenneth Harp,,12,1,0,1,1,0,1,0,0
nm0005196,Paul Mazursky,,12,1,0,1,1,0,1,0,0
nm0170039,Stephen Coit,,12,1,0,1,1,0,1,0,0
nm0437325,Irene Kane,,12,1,0,1,1,0,1,0,0
nm0808600,Jamie Smith,,12,1,0,1,1,0,1,0,0
nm0418911,Jerry Jarrett,,12,1,0,1,1,0,1,0,0
nm0001330,Sterling Hayden,,12,1,0,1,2,0,2,0,0
nm0336531,Coleen Gray,,12,1,0,1,1,0,1,0,0
nm0250436,Vince Edwards,,12,1,0,1,1,0,1,0,0
nm0282435,Jay C. Flippen,,12,1,0,1,1,0,1,0,0
nm0000018,Kirk Douglas,,12,1,0,1,2,0,2,0,0
nm0576127,Ralph Meeker,,12,1,0,1,1,0,1,0,0
nm0579663,Adolphe Menjou,,12,1,0,1,1,0,1,0,0
nm0534317,George Macready,,12,1,0,1,1,0,1,0,0
nm0000059,Laurence Olivier,,12,1,0,1,1,0,1,0,0
nm0001739,Jean Simmons,,12,1,0,1,1,0,1,0,0
nm0001452,Charles Laughton,,12,1,0,1,1,0,1,0,0
nm0000051,James Mason,,12,1,0,1,1,0,1,0,0
nm0001859,Shelley Winters,,12,1,0,1,1,0,1,0,0
nm0528987,Sue Lyon,,12,1,0,1,1,0,1,0,0
nm0168324,Gary Cockrell,,12,1,0,1,1,0,1,0,0
nm0000634,Peter Sellers,,12,1,0,1,1,0,1,0,0
nm0001715,George C. Scott,,12,1,0,1,1,0,1,0,0
nm0943978,Keenan Wynn,,12,1,0,1,1,0,1,0,0
nm0001158,Keir Dullea,,12,1,0,1,1,0,1,0,0
nm0516972,Gary Lockwood,,12,1,0,1,1,0,1,0,0
nm0843213,William Sylvester,,12,1,0,1,1,0,1,0,0
nm0725220,Daniel Richter,,12,1,0,1,1,0,1,0,0
nm0000532,Malcolm McDowell,,12,1,0,1,1,0,1,0,0
nm0535861,Patrick Magee,,12,1,0,1,2,0,2,0,0
nm0060988,Michael Bates,,12,1,0,1,1,0,1,0,0
nm0165049,Warren Clarke,,12,1,0,1,1,0,1,0,0
nm0641939,Ryan O'Neal,,12,1,0,1,1,0,1,0,0
nm0001943,Marisa Berenson,,12,1,0,1,1,0,1,0,0
nm0473228,Hardy Krüger,,12,1,0,1,1,0,1,0,0
nm0515950,Danny Lloyd,,12,1,0,1,1,0,1,0,0
nm0001079,Scatman Crothers,,12,1,0,1,1,0,1,0,0
nm0000546,Matthew Modine,,12,1,0,1,1,0,1,0,0
nm0000388,R. Lee Ermey,,12,1,0,1,1,0,1,0,0
nm0000352,Vincent D'Onofrio,,12,1,0,1,1,0,1,0,0
nm0000284,Adam Baldwin,,12,1,0,1,1,0,1,0,0
nm0000142,Clint Eastwood,,13,0,55,55,0,56,56,1,0
nm0000034,William Holden,,13,1,0,1,1,0,1,0,0
nm0001464,Kay Lenz,,13,1,0,1,1,0,1,0,0
nm0138354,Roger C. Carmel,,13,1,0,1,1,0,1,0,0
nm0244582,Marj Dusay,,13,1,0,1,1,0,1,0,0
nm0893204,Diane Venora,,13,1,0,1,1,0,1,0,0
nm0954677,Michael Zelniker,,13,1,0,1,1,0,1,0,0
nm0942787,Samuel E. Wright,,13,1,0,1,1,0,1,0,0
nm0000576,Sean Penn,,13,1,0,1,1,0,1,0,0
nm0000102,Kevin Bacon,,13,1,0,1,1,0,1,0,0
nm0002536,Emmy Rossum,,13,1,0,1,1,0,1,0,0
nm0000202,Ryan Phillippe,,13,1,0,1,1,0,1,0,0
nm0001608,Barry Pepper,,13,1,0,1,1,0,1,0,0
nm0189200,Joseph Cross,,13,1,0,1,1,0,1,0,0
nm0103038,Jesse Bradford,,13,1,0,1,1,0,1,0,0
nm0632497,Kazunari Ninomiya,,13,1,0,1,1,0,1,0,0
nm0407296,IHARA,,13,1,0,1,1,0,1,0,0
nm1076976,Ryô Kase,,13,1,0,1,1,0,1,0,0
nm0001401,Angelina Jolie,,13,2,0,2,2,0,2,0,0
nm0272173,Colm Feore,,13,1,0,1,1,0,1,0,0
nm1072959,Gattlin Griffith,,13,1,0,1,1,0,1,0,0
nm0000151,Morgan Freeman,,15,2,0,2,2,0,2,0,0
nm0450961,Tony Kgoroge,,13,1,0,1,1,0,1,0,0
nm0595680,Patrick Mofokeng,,13,1,0,1,1,0,1,0,0
nm0208426,Cécile de France,,13,1,0,1,1,0,1,0,0
nm0397171,Bryce Dallas Howard,,17,2,0,2,3,0,3,0,0
nm0627245,Thierry Neuvic,,13,1,0,1,1,0,1,0,0
nm0357979,Josh Hamilton,,13,1,0,1,1,0,1,0,0
nm1638365,John Lloyd Young,,13,1,0,1,1,0,1,0,0
nm2706992,Erich Bergen,,13,1,0,1,1,0,1,0,0
nm4608989,Michael Lomenda,,13,1,0,1,1,0,1,0,0
nm1842344,Vincent Piazza,,13,1,0,1,1,0,1,0,0
nm0177896,Bradley Cooper,,13,1,0,1,1,0,1,0,0
nm1092227,Sienna Miller,,13,1,0,1,1,0,1,0,0
nm0973177,Kyle Gallner,,13,1,0,1,1,0,1,0,0
nm6518675,Cole Konis,,13,1,0,1,1,0,1,0,0
nm0001473,Laura Linney,,13,1,0,1,1,0,1,0,0
nm0536723,Valerie Mahaffey,,13,1,0,1,1,0,1,0,0
nm3236159,Paul Walter Hauser,,13,1,0,1,1,0,1,0,0
nm0005377,Sam Rockwell,,13,1,0,1,1,0,1,0,0
nm10263413,Brandon Stanley,,13,1,0,1,1,0,1,0,0
nm5573623,Ryan Boz,,13,1,0,1,1,0,1,0,0
nm7556035,Alek Skarlatos,,13,1,0,1,1,0,1,0,0
nm7582805,Anthony Sadler,,13,1,0,1,1,0,1,0,0
nm7052140,Spencer Stone,,13,1,0,1,1,0,1,0,0
nm2040230,Ray Corasani,,13,1,0,1,1,0,1,0,0
nm0000965,Danny Boyle,,14,0,77,77,0,82,82,1,0
nm0289098,Kerry Fox,,14,1,0,1,1,0,1,0,0
nm0001172,Christopher Eccleston,,14,1,0,1,3,0,3,0,0
nm0832792,Ken Stott,,14,1,0,1,1,0,1,0,0
nm0948679,Daniel York,,14,1,0,1,1,0,1,0,0
nm0665265,Patcharawan Patarakijjanon,,14,1,0,1,1,0,1,0,0
nm0001461,Virginie Ledoyen,,14,1,0,1,1,0,1,0,0
nm0170620,Josh Cole,,14,1,0,1,1,0,1,0,0
nm0187327,David Crellin,,14,1,0,1,1,0,1,0,0
nm1527595,Amanda Fairclough,,14,1,0,1,1,0,1,0,0
nm0066781,Michael Begley,,14,1,0,1,1,0,1,0,0
nm0146900,Katy Cavanagh-Jupe,,14,1,0,1,1,0,1,0,0
nm1192148,Caroline Ashley,,14,1,0,1,1,0,1,0,0
nm0614165,Cillian Murphy,,14,1,0,1,2,0,2,0,0
nm0365140,Naomie Harris,,14,1,0,1,1,0,1,0,0
nm0658099,Alex Palmer,,14,1,0,1,1,0,1,0,0
nm0858170,Martha Thimmesch,,14,1,0,1,1,0,1,0,0
nm0715197,Manning Redwood,,14,1,0,1,1,0,1,0,0
nm0393853,William Hootkins,,14,1,0,1,1,0,1,0,0
nm0228533,Harry Ditson,,14,1,0,1,1,0,1,0,0
nm0676370,Clarke Peters,,14,1,0,1,1,0,1,0,0
nm0792384,Bob Sherman,,14,1,0,1,1,0,1,0,0
nm3016093,Jeremy Chapman,,14,1,0,1,1,0,1,0,0
nm0564044,Ray McAnally,,14,1,0,1,1,0,1,0,0
nm0001653,Stephen Rea,,14,1,0,1,1,0,1,0,0
nm0641358,Gerard O'Hare,,14,1,0,1,1,0,1,0,0
nm1449578,Colin Connor,,14,1,0,1,1,0,1,0,0
nm0509502,Michael Liebmann,,14,1,0,1,1,0,1,0,0
nm0404371,Lloyd Hutchinson,,14,1,0,1,1,0,1,0,0
nm0368521,Ann Hasson,,14,1,0,1,1,0,1,0,0
nm0060862,Brigid Erin Bates,,14,1,0,1,1,0,1,0,0
nm0186475,Lorcan Cranitch,,14,1,0,1,1,0,1,0,0
nm0189741,Jeananne Crowley,,14,1,0,1,1,0,1,0,0
nm0193868,Iain Cuthbertson,,14,1,0,1,1,0,1,0,0
nm0220319,Jean-Claude Deret,,14,1,0,1,1,0,1,0,0
nm0236507,Tony Doyle,,14,1,0,1,1,0,1,0,0
nm0974401,Sylvie Favre,,14,1,0,1,1,0,1,0,0
nm1375020,Alex Etel,,14,1,0,1,1,0,1,0,0
nm0626362,James Nesbitt,,14,1,0,1,1,0,1,0,0
nm0232963,Daisy Donovan,,14,1,0,1,1,0,1,0,0
nm1375797,Lewis McGibbon,,14,1,0,1,1,0,1,0,0
nm0126284,Rose Byrne,,14,1,0,1,1,0,1,0,0
nm0262635,Chris Evans,,14,1,0,1,1,0,1,0,0
nm2353862,Dev Patel,,17,2,0,2,2,0,2,0,0
nm2951768,Freida Pinto,,14,1,0,1,1,0,1,0,0
nm0795661,Saurabh Shukla,,14,1,0,1,1,0,1,0,0
nm0438463,Anil Kapoor,,14,1,0,1,1,0,1,0,0
nm0290556,James Franco,,14,1,0,1,1,0,1,0,0
nm0848554,Amber Tamblyn,,14,1,0,1,1,0,1,0,0
nm0544718,Kate Mara,,14,1,0,1,1,0,1,0,0
nm2505304,Sean Bott,,14,1,0,1,1,0,1,0,0
nm4597694,John Killoran,,14,1,0,1,1,0,1,0,0
nm0001538,Jonny Lee Miller,,14,1,0,1,2,0,2,0,0
nm2132319,Andreea Paduraru,,14,1,0,1,1,0,1,0,0
nm2119840,Ella Smith,,14,1,0,1,1,0,1,0,0
nm0564215,James McAvoy,,17,2,0,2,3,0,3,0,0
nm0001993,Vincent Cassel,,14,1,0,1,1,0,1,0,0
nm0764527,Danny Sapani,,14,1,0,1,1,0,1,0,0
nm1055413,Michael Fassbender,,14,1,0,1,1,0,1,0,0
nm0736622,Seth Rogen,,14,1,0,1,1,0,1,0,0
nm9012283,Darius Alexander,,14,1,0,1,1,0,1,0,0
nm5450322,Kirstie Abbott,,14,1,0,1,1,0,1,0,0
nm5046755,Afia Abusham,,14,1,0,1,1,0,1,0,0
nm5359290,Sarah Jane Adams,,14,1,0,1,1,0,1,0,0
nm0001971,Ewen Bremner,,14,1,0,1,1,0,1,0,0
nm0001015,Robert Carlyle,,14,1,0,1,1,0,1,0,0
nm4141252,Lily James,,14,1,0,1,1,0,1,0,0
nm1620545,Sophia Di Martino,,14,1,0,1,1,0,1,0,0
nm7966281,Ellise Chappell,,14,1,0,1,1,0,1,0,0
nm0001054,Joel Coen,,1,0,50,50,0,64,64,1,0
nm0315288,John Getz,,1,1,0,1,1,0,1,0,0
nm0000531,Frances McDormand,,1,1,0,1,4,0,4,0,0
nm0000445,Dan Hedaya,,1,1,0,1,1,0,1,0,0
nm0001826,M. Emmet Walsh,,1,1,0,1,1,0,1,0,0
nm0934254,Trey Wilson,,1,1,0,1,1,0,1,0,0
nm0001806,John Turturro,,1,1,0,1,2,0,2,0,0
nm0001114,Judy Davis,,1,1,0,1,1,0,1,0,0
nm0503627,Michael Lerner,,1,1,0,1,1,0,1,0,0
nm0001164,Charles Durning,,1,1,0,1,1,0,1,0,0
nm0000123,George Clooney,,1,1,0,1,3,0,3,0,0
nm0625789,Tim Blake Nelson,,1,1,0,1,2,0,2,0,0
nm0000671,Billy Bob Thornton,,1,1,0,1,1,0,1,0,0
nm0045937,Michael Badalucco,,1,1,0,1,1,0,1,0,0
nm0001254,James Gandolfini,,1,1,0,1,1,0,1,0,0
nm0005541,Marlon Wayans,,1,1,0,1,1,0,1,0,0
nm0355659,Irma P. Hall,,1,1,0,1,1,0,1,0,0
nm0799777,J.K. Simmons,,1,1,0,1,1,0,1,0,0
nm0000169,Tommy Lee Jones,,1,1,0,1,1,0,1,0,0
nm0000437,Woody Harrelson,,1,1,0,1,1,0,1,0,0
nm0000243,Denzel Washington,,16,2,0,2,2,0,2,0,0
nm0322407,Brendan Gleeson,,1,1,0,1,1,0,1,0,0
nm0577982,Harry Melling,,1,1,0,1,1,0,1,0,0
nm0454236,Richard Kind,,1,1,0,1,1,0,1,0,0
nm3102689,Sari Lennick,,1,1,0,1,1,0,1,0,0
nm0577329,Fred Melamed,,1,1,0,1,1,0,1,0,0
nm2794962,Hailee Steinfeld,,1,1,0,1,1,0,1,0,0
nm1209966,Oscar Isaac,,1,1,0,1,1,0,1,0,0
nm1659547,Carey Mulligan,,1,1,0,1,1,0,1,0,0
nm1330560,Garrett Hedlund,,1,1,0,1,1,0,1,0,0
nm8594382,Mark Zimering,,1,1,0,1,2,0,2,0,0
nm0001053,Ethan Coen,,1,1,0,1,2,0,2,0,0
nm0914929,Willie Watson,,1,1,0,1,1,0,1,0,0
nm0000317,Clancy Brown,,1,1,0,1,1,0,1,0,0
nm1180243,Danny McCarthy,,1,1,0,1,1,0,1,0,0
nm0001104,Frank Darabont,,15,0,19,19,0,24,24,1,0
nm0180165,Michael Cornelison,,15,1,0,1,2,0,2,0,0
nm0189860,Dee Croxton,,15,1,0,1,2,0,2,0,0
nm0508742,Brian Libby,,15,1,0,1,2,0,2,0,0
nm0116602,Bob Brunson,,15,1,0,1,2,0,2,0,0
nm0348409,Bob Gunton,,15,1,0,1,1,0,1,0,0
nm0006669,William Sadler,,15,2,0,2,2,0,2,0,0
nm0000120,Jim Carrey,,15,2,0,2,2,0,2,0,0
nm0000837,Bob Balaban,,15,2,0,2,2,0,2,0,0
nm0218810,Jeffrey DeMunn,,15,1,0,1,1,0,1,0,0
nm0005048,Thomas Jane,,15,1,0,1,1,0,1,0,0
nm0390229,Laurie Holden,,15,1,0,1,2,0,2,0,0
nm0105672,Andre Braugher,,15,1,0,1,1,0,1,0,0
nm0511088,Andrew Lincoln,,15,1,0,1,1,0,1,0,0
nm1256532,Jon Bernthal,,15,1,0,1,1,0,1,0,0
nm0915637,Sarah Wayne Callies,,15,1,0,1,1,0,1,0,0
nm0000709,Robert Zemeckis,,16,0,76,76,0,86,86,1,0
nm0067649,Pete Belcher,,16,1,0,1,1,0,1,0,0
nm0659142,Roger Pancake,,16,1,0,1,1,0,1,0,0
nm1516913,Roger Vaughn,,16,1,0,1,1,0,1,0,0
nm0641315,Pat O'Hara,,16,1,0,1,1,0,1,0,0
nm0223738,Bobby Di Cicco,,16,1,0,1,1,0,1,0,0
nm0566013,Marc McClure,,16,1,0,1,1,0,1,0,0
nm0628281,Susan Kendall Newman,,16,1,0,1,1,0,1,0,0
nm0912001,Jack Warden,,16,1,0,1,1,0,1,0,0
nm0334057,Gerrit Graham,,16,1,0,1,1,0,1,0,0
nm0574433,Frank McRae,,16,1,0,1,1,0,1,0,0
nm0000140,Michael Douglas,,16,1,0,1,1,0,1,0,0
nm0635649,Zack Norman,,16,1,0,1,1,0,1,0,0
nm0000150,Michael J. Fox,,16,1,0,1,2,0,2,0,0
nm0000670,Lea Thompson,,16,1,0,1,2,0,2,0,0
nm0000417,Crispin Glover,,16,1,0,1,2,0,2,0,0
nm0001026,Joanna Cassidy,,16,1,0,1,1,0,1,0,0
nm0281486,Charles Fleischer,,16,1,0,1,1,0,1,0,0
nm0001855,Thomas F. Wilson,,16,1,0,1,1,0,1,0,0
nm0000618,Isabella Rossellini,,16,2,0,2,2,0,2,0,0
nm0000705,Robin Wright,,16,2,0,2,3,0,3,0,0
nm0000641,Gary Sinise,,16,1,0,1,1,0,1,0,0
nm0870007,Katharine Towne,,16,1,0,1,1,0,1,0,0
nm0000166,Helen Hunt,,16,1,0,1,1,0,1,0,0
nm0584052,Paul Sanchez,,16,1,0,1,1,0,1,0,0
nm0925096,Lari White,,16,1,0,1,1,0,1,0,0
nm0001556,David Morse,,16,1,0,1,1,0,1,0,0
nm0321358,Neil Giuntoli,,16,1,0,1,1,0,1,0,0
nm0177260,Roderick Cook,,16,1,0,1,1,0,1,0,0
nm0178875,Chris Coppola,,16,1,0,1,1,0,1,0,0
nm0005052,Michael Jeter,,16,1,0,1,1,0,1,0,0
nm0366667,Leslie Zemeckis,,16,1,0,1,1,0,1,0,0
nm0935653,Ray Winstone,,16,1,0,1,1,0,1,0,0
nm0818055,Octavia Spencer,,16,1,0,1,1,0,1,0,0
nm0001674,Chris Rock,,16,1,0,1,1,0,1,0,0
nm0884313,Steve Valentine,,16,1,0,1,1,0,1,0,0
nm1229204,Nadine Velazquez,,16,1,0,1,1,0,1,0,0
nm0000332,Don Cheadle,,16,1,0,1,1,0,1,0,0
nm1571804,Falk Hentschel,,16,1,0,1,1,0,1,0,0
nm0641610,Matt O'Leary,,16,1,0,1,1,0,1,0,0
nm5775621,Nikolai Witschl,,16,1,0,1,1,0,1,0,0
nm3114649,Charlotte Le Bon,,16,1,0,1,1,0,1,0,0
nm2968773,Guillaume Baillargeon,,16,1,0,1,1,0,1,0,0
nm4487667,Émilie Leclerc,,16,1,0,1,1,0,1,0,0
nm0182839,Marion Cotillard,,16,2,0,2,2,0,2,0,0
nm1081121,Vincent Ebrahim,,16,1,0,1,1,0,1,0,0
nm1086483,Salli Saffioti,,16,1,0,1,1,0,1,0,0
nm0425005,Dwayne Johnson,,16,1,0,1,1,0,1,0,0
nm0796117,M. Night Shyamalan,,17,0,37,37,0,44,44,1,0
nm0001057,Toni Collette,,17,1,0,1,1,0,1,0,0
nm0931404,Olivia Williams,,17,1,0,1,1,0,1,0,0
nm0004829,Spencer Treat Clark,,17,1,0,1,1,0,1,0,0
nm0000154,Mel Gibson,,17,1,0,1,1,0,1,0,0
nm0191412,Rory Culkin,,17,1,0,1,1,0,1,0,0
nm1113550,Abigail Breslin,,17,1,0,1,1,0,1,0,0
nm0000458,William Hurt,,17,1,0,1,1,0,1,0,0
nm0316079,Paul Giamatti,,17,1,0,1,1,0,1,0,0
nm0942482,Jeffrey Wright,,17,1,0,1,1,0,1,0,0
nm3226241,Noah Ringer,,17,1,0,1,1,0,1,0,0
nm2443758,Nicola Peltz,,17,1,0,1,1,0,1,0,0
nm1717152,Jackson Rathbone,,17,1,0,1,1,0,1,0,0
nm0221046,Zooey Deschanel,,17,1,0,1,1,0,1,0,0
nm0000491,John Leguizamo,,17,1,0,1,1,0,1,0,0
nm1496319,Ashlyn Sanchez,,17,1,0,1,1,0,1,0,0
nm1535523,Jaden Smith,,17,1,0,1,1,0,1,0,0
nm0219292,David Denman,,17,1,0,1,1,0,1,0,0
nm0645683,Sophie Okonedo,,17,1,0,1,1,0,1,0,0
nm4609822,Olivia DeJonge,,17,1,0,1,1,0,1,0,0
nm4590837,Ed Oxenbould,,17,1,0,1,1,0,1,0,0
nm0241759,Deanna Dunagan,,17,1,0,1,1,0,1,0,0
nm0574513,Peter McRobbie,,17,1,0,1,1,0,1,0,0
nm5896355,Anya Taylor-Joy,,17,1,0,1,2,0,2,0,0
nm4726634,Haley Lu Richardson,,17,1,0,1,1,0,1,0,0
nm4088627,Jessica Sula,,17,1,0,1,1,0,1,0,0
nm0000186,David Lynch,,18,0,70,70,0,84,84,1,0
nm0528424,Peggy Lynch,,18,1,0,1,2,0,2,0,0
nm0569355,Dorothy McGinnis,,18,1,0,1,1,0,1,0,0
nm0925370,Richard White,,18,1,0,1,1,0,1,0,0
nm0537973,Virginia Maitland,,18,1,0,1,1,0,1,0,0
nm0149505,Robert Chadwick,,18,1,0,1,1,0,1,0,0
nm0620756,Jack Nance,,18,1,0,1,1,0,1,0,0
nm0829270,Charlotte Stewart,,18,1,0,1,1,0,1,0,0
nm0430535,Allen Joseph,,18,1,0,1,1,0,1,0,0
nm0060931,Jeanne Bates,,18,1,0,1,2,0,2,0,0
nm0000457,John Hurt,,18,1,0,1,1,0,1,0,0
nm0000843,Anne Bancroft,,18,1,0,1,1,0,1,0,0
nm0000024,John Gielgud,,18,1,0,1,1,0,1,0,0
nm0001492,Kyle MacLachlan,,18,1,0,1,2,0,2,0,0
nm0000515,Virginia Madsen,,18,1,0,1,1,0,1,0,0
nm0000768,Francesca Annis,,18,1,0,1,1,0,1,0,0
nm0162361,Leonardo Cimino,,18,1,0,1,1,0,1,0,0
nm0293422,J.E. Freeman,,18,1,0,1,1,0,1,0,0
nm0498247,Sheryl Lee,,18,1,0,1,1,0,1,0,0
nm0936403,Ray Wise,,18,1,0,1,1,0,1,0,0
nm0000749,Mädchen Amick,,18,1,0,1,1,0,1,0,0
nm0000796,Dana Ashbrook,,18,1,0,1,1,0,1,0,0
nm0002070,Richard Farnsworth,,18,1,0,1,1,0,1,0,0
nm0000651,Sissy Spacek,,18,1,0,1,1,0,1,0,0
nm1886964,Jane Galloway Heitz,,18,1,0,1,1,0,1,0,0
nm0139388,Joseph A. Carpenter,,18,1,0,1,1,0,1,0,0
nm0005009,Laura Harring,,18,1,0,1,3,0,3,0,0
nm0857620,Justin Theroux,,18,1,0,1,3,0,3,0,0
nm0480465,Jordan Ladd,,18,1,0,1,1,0,1,0,0
nm0898597,Cerina Vincent,,18,1,0,1,1,0,1,0,0
nm0168892,Scott Coffey,,18,1,0,1,1,0,1,0,0
nm1058197,Rebekah Del Rio,,18,1,0,1,1,0,1,0,0
nm0000718,Ian Abercrombie,,18,1,0,1,1,0,1,0,0
nm0344734,Karolina Gruszka,,18,1,0,1,2,0,2,0,0
nm0538048,Krzysztof Majchrzak,,18,1,0,1,2,0,2,0,0
nm0951471,Grace Zabriskie,,18,1,0,1,1,0,1,0,0
nm0000460,Jeremy Irons,,18,1,0,1,1,0,1,0,0
nm0376265,Jan Hencz,,18,1,0,1,1,0,1,0,0
nm0524257,Peter J. Lucas,,18,1,0,1,1,0,1,0,0
nm1226362,William Maier,,18,1,0,1,1,0,1,0,0
nm0587900,Ann Miller,,18,1,0,1,1,0,1,0,0
nm4037831,Gong Tao,,18,1,0,1,1,0,1,0,0
nm1281343,Emily Stofle,,18,1,0,1,1,0,1,0,0
nm4036639,Cheng Hong,,18,1,0,1,1,0,1,0,0
nm4090155,Mindy Ramaker,,18,1,0,1,1,0,1,0,0
nm4549987,Emily Elicia Low,,18,1,0,1,1,0,1,0,0
nm5202564,Chris Pounders,,18,1,0,1,1,0,1,0,0
nm5322244,Pandie Suicide,,18,1,0,1,1,0,1,0,0
nm0279926,Jack Fisk,,18,1,0,1,1,0,1,0,0
nm0001389,Chris Isaak,,18,1,0,1,1,0,1,0,0
nm0262602,C.H. Evans,,18,1,0,1,1,0,1,0,0
nm0454278,Sandra Kinder,,18,1,0,1,1,0,1,0,0
nm0757799,Dawn Salcedo,,18,1,0,1,1,0,1,0,0
nm9145612,Jeff Alperi,,18,1,0,1,1,0,1,0,0
nm0138284,Michele Carlyle,,18,1,0,1,1,0,1,0,0
nm0521460,Stan Lothridge,,18,1,0,1,1,0,1,0,0
nm0669125,Russ Pearlman,,18,1,0,1,1,0,1,0,0
nm0682682,Pam Pierrocish,,18,1,0,1,1,0,1,0,0
nm0713307,Kathleen Raymond,,18,1,0,1,1,0,1,0,0
nm9145613,Joan Rurdlestein,,18,1,0,1,1,0,1,0,0
nm0000367,Gérard Depardieu,,18,1,0,1,1,0,1,0,0
